case,reference,provenance,status,field,expected,actual,absolute_error,tolerance,passed
SC10-1a,book,printed_book,MATCH,CL,26.7,26.7,0.0,0.051,True
SC10-1a,book,printed_book,MATCH,LCL,24.9,24.915488215488214,0.015488215488215218,0.051,True
SC10-1a,book,printed_book,MATCH,UCL,28.5,28.484511784511785,0.015488215488215218,0.051,True
SC10-1a,independent,independently_solved,MATCH,CL,26.7,26.7,0.0,1e-09,True
SC10-1a,independent,independently_solved,MATCH,LCL,24.915488215488214,24.915488215488214,0.0,1e-09,True
SC10-1a,independent,independently_solved,MATCH,UCL,28.484511784511785,28.484511784511785,0.0,1e-09,True
SC10-3a,book,printed_book,MATCH,CL,5.3,5.3,0.0,0.006,True
SC10-3a,book,printed_book,MATCH,LCL,0.98,0.9752,0.0048000000000000265,0.006,True
SC10-3a,book,printed_book,MATCH,UCL,9.62,9.6248,0.004800000000001248,0.006,True
SC10-3a,independent,independently_solved,MATCH,CL,5.3,5.3,0.0,1e-09,True
SC10-3a,independent,independently_solved,MATCH,LCL,0.9752,0.9752,0.0,1e-09,True
SC10-3a,independent,independently_solved,MATCH,UCL,9.6248,9.6248,0.0,1e-09,True
SC10-1b,book,printed_book,MATCH,CL,138.6,138.6,0.0,0.051,True
SC10-1b,book,printed_book,MATCH,LCL,135.5,135.53788633942423,0.03788633942423303,0.051,True
SC10-1b,book,printed_book,MATCH,UCL,141.7,141.66211366057576,0.03788633942423303,0.051,True
SC10-1b,independent,independently_solved,MATCH,CL,138.6,138.6,0.0,1e-09,True
SC10-1b,independent,independently_solved,MATCH,LCL,135.53788633942423,135.53788633942423,0.0,1e-09,True
SC10-1b,independent,independently_solved,MATCH,UCL,141.66211366057576,141.66211366057576,0.0,1e-09,True
SC10-3b,book,printed_book,MATCH,CL,15.1,15.1,0.0,0.006,True
SC10-3b,book,printed_book,MATCH,LCL,5.71,5.7078,0.002200000000000202,0.006,True
SC10-3b,book,printed_book,MATCH,UCL,24.49,24.4922,0.002200000000001978,0.006,True
SC10-3b,independent,independently_solved,MATCH,CL,15.1,15.1,0.0,1e-09,True
SC10-3b,independent,independently_solved,MATCH,LCL,5.7078,5.7078,0.0,1e-09,True
SC10-3b,independent,independently_solved,MATCH,UCL,24.4922,24.4922,0.0,1e-09,True
SC10-1c,book,printed_book,MATCH,CL,84.2,84.2,0.0,0.051,True
SC10-1c,book,printed_book,MATCH,LCL,77.2,77.20631374453619,0.00631374453618605,0.051,True
SC10-1c,book,printed_book,MATCH,UCL,91.2,91.19368625546382,0.00631374453618605,0.051,True
SC10-1c,independent,independently_solved,MATCH,CL,84.2,84.2,0.0,1e-09,True
SC10-1c,independent,independently_solved,MATCH,LCL,77.20631374453619,77.20631374453619,0.0,1e-09,True
SC10-1c,independent,independently_solved,MATCH,UCL,91.19368625546382,91.19368625546382,0.0,1e-09,True
SC10-3c,book,printed_book,MATCH,CL,9.6,9.6,0.0,0.006,True
SC10-3c,book,printed_book,MATCH,LCL,0,0.0,0.0,0.006,True
SC10-3c,book,printed_book,MATCH,UCL,21.91,21.9072,0.00280000000000058,0.006,True
SC10-3c,independent,independently_solved,MATCH,CL,9.6,9.6,0.0,1e-09,True
SC10-3c,independent,independently_solved,MATCH,LCL,0.0,0.0,0.0,1e-09,True
SC10-3c,independent,independently_solved,MATCH,UCL,21.9072,21.9072,0.0,1e-09,True
SC10-1d,book,printed_book,MATCH,CL,8.1,8.1,0.0,0.051,True
SC10-1d,book,printed_book,MATCH,LCL,6.9,6.860655694397865,0.03934430560213542,0.051,True
SC10-1d,book,printed_book,MATCH,UCL,9.3,9.339344305602134,0.039344305602133645,0.051,True
SC10-1d,independent,independently_solved,MATCH,CL,8.1,8.1,0.0,1e-09,True
SC10-1d,independent,independently_solved,MATCH,LCL,6.860655694397865,6.860655694397865,0.0,1e-09,True
SC10-1d,independent,independently_solved,MATCH,UCL,9.339344305602134,9.339344305602134,0.0,1e-09,True
SC10-3d,book,printed_book,MATCH,CL,7.4,7.4,0.0,0.006,True
SC10-3d,book,printed_book,MATCH,LCL,3.21,3.2116000000000002,0.0016000000000002679,0.006,True
SC10-3d,book,printed_book,MATCH,UCL,11.59,11.588400000000002,0.0015999999999980474,0.006,True
SC10-3d,independent,independently_solved,MATCH,CL,7.4,7.4,0.0,1e-09,True
SC10-3d,independent,independently_solved,MATCH,LCL,3.2116000000000002,3.2116000000000002,0.0,1e-09,True
SC10-3d,independent,independently_solved,MATCH,UCL,11.588400000000002,11.588400000000002,0.0,1e-09,True
SC10-2,book,printed_book,MATCH,CL,50.417,50.416666666666664,0.0003333333333372934,0.006,True
SC10-2,book,printed_book,MATCH,LCL,49.63,49.62837099102185,0.0016290089781492156,0.006,True
SC10-2,book,printed_book,MATCH,UCL,51.21,51.204962342311475,0.005037657688525599,0.006,True
SC10-2,independent,independently_solved,MATCH,CL,50.416666666666664,50.416666666666664,0.0,1e-09,True
SC10-2,independent,independently_solved,MATCH,LCL,49.62837099102185,49.62837099102185,0.0,1e-09,True
SC10-2,independent,independently_solved,MATCH,UCL,51.204962342311475,51.204962342311475,0.0,1e-09,True
SC10-4,book,printed_book,MATCH,CL,1.367,1.366666666666667,0.0003333333333330746,0.006,True
SC10-4,book,printed_book,MATCH,LCL,0,0.0,0.0,0.006,True
SC10-4,book,printed_book,MATCH,UCL,2.89,2.8891333333333336,0.0008666666666665712,0.006,True
SC10-4,independent,independently_solved,MATCH,CL,1.3666666666666665,1.366666666666667,4.440892098500626e-16,1e-09,True
SC10-4,independent,independently_solved,MATCH,LCL,0.0,0.0,0.0,1e-09,True
SC10-4,independent,independently_solved,MATCH,UCL,2.8891333333333327,2.8891333333333336,8.881784197001252e-16,1e-09,True
SC10-5a,book,printed_book,MATCH,CL,0.1,0.1,0.0,0.0006,True
SC10-5a,book,printed_book,MATCH,LCL,0.025,0.024999999999999994,6.938893903907228e-18,0.0006,True
SC10-5a,book,printed_book,MATCH,UCL,0.175,0.17500000000000002,2.7755575615628914e-17,0.0006,True
SC10-5a,independent,independently_solved,MATCH,CL,0.1,0.1,0.0,1e-09,True
SC10-5a,independent,independently_solved,MATCH,LCL,0.024999999999999994,0.024999999999999994,0.0,1e-09,True
SC10-5a,independent,independently_solved,MATCH,UCL,0.17500000000000002,0.17500000000000002,0.0,1e-09,True
SC10-5b,book,printed_book,SOURCE_ERRATUM,CL,9,0.9,8.1,0.0006,False
SC10-5b,book,printed_book,SOURCE_ERRATUM,LCL,0.784,0.7838104996137776,0.00018950038622245202,0.0006,True
SC10-5b,book,printed_book,SOURCE_ERRATUM,UCL,1,1.0,0.0,0.0006,True
SC10-5b,independent,independently_solved,MATCH,CL,0.9,0.9,0.0,1e-09,True
SC10-5b,independent,independently_solved,MATCH,LCL,0.7838104996137776,0.7838104996137776,0.0,1e-09,True
SC10-5b,independent,independently_solved,MATCH,UCL,1,1.0,0.0,1e-09,True
SC10-5c,book,printed_book,MATCH,CL,0.36,0.36,0.0,0.0006,True
SC10-5c,book,printed_book,MATCH,LCL,0.231,0.2312024844960121,0.00020248449601209528,0.0006,True
SC10-5c,book,printed_book,MATCH,UCL,0.489,0.48879751550398787,0.00020248449601212304,0.0006,True
SC10-5c,independent,independently_solved,MATCH,CL,0.36,0.36,0.0,1e-09,True
SC10-5c,independent,independently_solved,MATCH,LCL,0.2312024844960121,0.2312024844960121,0.0,1e-09,True
SC10-5c,independent,independently_solved,MATCH,UCL,0.48879751550398787,0.48879751550398787,0.0,1e-09,True
SC10-5d,book,printed_book,MATCH,CL,0.75,0.75,0.0,0.0006,True
SC10-5d,book,printed_book,MATCH,LCL,0.563,0.5625,0.0004999999999999449,0.0006,True
SC10-5d,book,printed_book,MATCH,UCL,0.938,0.9375,0.0004999999999999449,0.0006,True
SC10-5d,independent,independently_solved,MATCH,CL,0.75,0.75,0.0,1e-09,True
SC10-5d,independent,independently_solved,MATCH,LCL,0.5625,0.5625,0.0,1e-09,True
SC10-5d,independent,independently_solved,MATCH,UCL,0.9375,0.9375,0.0,1e-09,True
SC10-6,book,printed_book,MATCH,CL,0.898,0.8980000000000001,1.1102230246251565e-16,0.0006,True
SC10-6,book,printed_book,MATCH,LCL,0.824,0.8238666067146527,0.0001333932853472275,0.0006,True
SC10-6,book,printed_book,MATCH,UCL,0.972,0.9721333932853475,0.00013339328534756056,0.0006,True
SC10-6,independent,independently_solved,MATCH,CL,0.898,0.8980000000000001,1.1102230246251565e-16,1e-09,True
SC10-6,independent,independently_solved,MATCH,LCL,0.8238666067146525,0.8238666067146527,2.220446049250313e-16,1e-09,True
SC10-6,independent,independently_solved,MATCH,UCL,0.9721333932853475,0.9721333932853475,0.0,1e-09,True
SC10-7,book,printed_book,MATCH,largest_category,Hard disk drive,Hard disk drive,,0,True
SC10-7,book,printed_book,MATCH,largest_count,237,237,0,0,True
SC10-7,independent,independently_solved,MATCH,total,939,939,0,1e-09,True
SC10-7,independent,independently_solved,MATCH,largest_count,237,237,0,1e-09,True
SC10-7,independent,independently_solved,MATCH,largest_category,Hard disk drive,Hard disk drive,,1e-09,True
SC10-8a,book,printed_book,MATCH,probability,0.1731,0.17313527959714348,3.527959714347273e-05,0.00011,True
SC10-8a,independent,independently_solved,MATCH,probability,0.17313527959714403,0.17313527959714348,5.551115123125783e-16,1e-09,True
SC10-8b,book,printed_book,MATCH,probability,0.0401,0.040088768380574624,1.1231619425372541e-05,0.00011,True
SC10-8b,independent,independently_solved,MATCH,probability,0.04008876838057529,0.040088768380574624,6.661338147750939e-16,1e-09,True
SC10-8c,book,printed_book,MATCH,probability,0.2642,0.2642403473932621,4.0347393262085696e-05,0.00011,True
SC10-8c,independent,independently_solved,MATCH,probability,0.2642403473932631,0.2642403473932621,9.992007221626409e-16,1e-09,True
SC10-8d,book,printed_book,MATCH,probability,0.0798,0.07983943195297738,3.9431952977384e-05,0.00011,True
SC10-8d,independent,independently_solved,MATCH,probability,0.07983943195297816,0.07983943195297738,7.771561172376096e-16,1e-09,True
SC10-9a,book,printed_book,MATCH,probability,0.557,0.5569847982068323,1.5201793167718414e-05,0.00011,True
SC10-9a,independent,independently_solved,MATCH,probability,0.556984798206832,0.5569847982068323,3.3306690738754696e-16,1e-09,True
SC10-9b,book,printed_book,MATCH,probability,0.8095,0.809481862016064,1.81379839360174e-05,0.00011,True
SC10-9b,independent,independently_solved,MATCH,probability,0.8094818620160628,0.809481862016064,1.2212453270876722e-15,1e-09,True
SC10-9c,book,printed_book,MATCH,probability,0.4047,0.4046456846720258,5.431532797423033e-05,0.00011,True
SC10-9c,independent,independently_solved,MATCH,probability,0.4046456846720258,0.4046456846720258,0.0,1e-09,True
SC10-9d,book,printed_book,MATCH,probability,0.6767,0.6766786945356569,2.1305464343090996e-05,0.00011,True
SC10-9d,independent,independently_solved,MATCH,probability,0.6766786945356559,0.6766786945356569,9.992007221626409e-16,1e-09,True
10-12a,independent,independently_solved,MATCH,CL,16.4,16.4,0.0,1e-09,True
10-12a,independent,independently_solved,MATCH,LCL,12.799999999999999,12.799999999999999,0.0,1e-09,True
10-12a,independent,independently_solved,MATCH,UCL,20.0,20.0,0.0,1e-09,True
10-12b,independent,independently_solved,MATCH,CL,16.4,16.4,0.0,1e-09,True
10-12b,independent,independently_solved,MATCH,LCL,14.379805687918434,14.379805687918434,0.0,1e-09,True
10-12b,independent,independently_solved,MATCH,UCL,18.420194312081563,18.420194312081563,0.0,1e-09,True
10-12c,independent,independently_solved,MATCH,CL,4.1,4.1,0.0,1e-09,True
10-12c,independent,independently_solved,MATCH,LCL,3.6156802868585287,3.6156802868585287,0.0,1e-09,True
10-12c,independent,independently_solved,MATCH,UCL,4.58431971314147,4.58431971314147,0.0,1e-09,True
10-12d,independent,independently_solved,MATCH,CL,141.7,141.7,0.0,1e-09,True
10-12d,independent,independently_solved,MATCH,LCL,137.55037498620632,137.55037498620632,0.0,1e-09,True
10-12d,independent,independently_solved,MATCH,UCL,145.84962501379366,145.84962501379366,0.0,1e-09,True
10-13,independent,independently_solved,MATCH,CL,15.858,15.858,0.0,1e-09,True
10-13,independent,independently_solved,MATCH,LCL,15.788208287490896,15.788208287490896,0.0,1e-09,True
10-13,independent,independently_solved,MATCH,UCL,15.927791712509105,15.927791712509105,0.0,1e-09,True
10-19,independent,independently_solved,MATCH,CL,0.18733333333333332,0.18733333333333338,5.551115123125783e-17,1e-09,True
10-19,independent,independently_solved,MATCH,LCL,0.025477333333333334,0.02547733333333334,6.938893903907228e-18,1e-09,True
10-19,independent,independently_solved,MATCH,UCL,0.34918933333333335,0.34918933333333346,1.1102230246251565e-16,1e-09,True
10-14,independent,independently_solved,MATCH,CL,14.904761904761905,14.904761904761905,0.0,1e-09,True
10-14,independent,independently_solved,MATCH,LCL,8.727112393779061,8.727112393779061,0.0,1e-09,True
10-14,independent,independently_solved,MATCH,UCL,21.08241141574475,21.08241141574475,0.0,1e-09,True
10-14c,independent,independently_solved,MATCH,CL,13.683333333333334,13.683333333333335,1.7763568394002505e-15,1e-09,True
10-14c,independent,independently_solved,MATCH,LCL,7.757407407407407,7.757407407407411,3.552713678800501e-15,1e-09,True
10-14c,independent,independently_solved,MATCH,UCL,19.60925925925926,19.60925925925926,0.0,1e-09,True
10-20,independent,independently_solved,MATCH,CL,18.347619047619048,18.347619047619048,0.0,1e-09,True
10-20,independent,independently_solved,MATCH,LCL,3.3759619047619047,3.3759619047619047,0.0,1e-09,True
10-20,independent,independently_solved,MATCH,UCL,33.319276190476195,33.319276190476195,0.0,1e-09,True
10-20c,independent,independently_solved,MATCH,CL,17.6,17.599999999999998,3.552713678800501e-15,1e-09,True
10-20c,independent,independently_solved,MATCH,LCL,3.2384000000000004,3.2383999999999995,8.881784197001252e-16,1e-09,True
10-20c,independent,independently_solved,MATCH,UCL,31.961600000000004,31.961599999999997,7.105427357601002e-15,1e-09,True
10-15,independent,independently_solved,MATCH,CL,4.992444444444445,4.992444444444445,0.0,1e-09,True
10-15,independent,independently_solved,MATCH,LCL,4.886697463565263,4.886697463565263,0.0,1e-09,True
10-15,independent,independently_solved,MATCH,UCL,5.098191425323626,5.098191425323626,0.0,1e-09,True
10-21,independent,independently_solved,MATCH,CL,0.18333333333333326,0.18333333333333326,0.0,1e-09,True
10-21,independent,independently_solved,MATCH,LCL,0.0,0.0,0.0,1e-09,True
10-21,independent,independently_solved,MATCH,UCL,0.3875666666666665,0.3875666666666665,0.0,1e-09,True
10-16,independent,independently_solved,MATCH,CL,4.0216666666666665,4.0216666666666665,0.0,1e-09,True
10-16,independent,independently_solved,MATCH,LCL,3.999170939665366,3.999170939665366,0.0,1e-09,True
10-16,independent,independently_solved,MATCH,UCL,4.044162393667968,4.044162393667968,0.0,1e-09,True
10-22,independent,independently_solved,MATCH,CL,0.10083333333333333,0.10083333333333334,1.3877787807814457e-17,1e-09,True
10-22,independent,independently_solved,MATCH,LCL,0.03498916666666666,0.03498916666666667,6.938893903907228e-18,1e-09,True
10-22,independent,independently_solved,MATCH,UCL,0.1666775,0.16667750000000003,2.7755575615628914e-17,1e-09,True
10-17a,independent,independently_solved,MATCH,CL,3.1,3.1,0.0,1e-09,True
10-17a,independent,independently_solved,MATCH,LCL,0.0,0.0,0.0,1e-09,True
10-17a,independent,independently_solved,MATCH,UCL,7.9794,7.9794,0.0,1e-09,True
10-17b,independent,independently_solved,MATCH,CL,6.9,6.9,0.0,1e-09,True
10-17b,independent,independently_solved,MATCH,LCL,2.7807000000000004,2.7807000000000004,0.0,1e-09,True
10-17b,independent,independently_solved,MATCH,UCL,11.019300000000001,11.019300000000001,0.0,1e-09,True
10-17c,independent,independently_solved,MATCH,CL,18.2,18.2,0.0,1e-09,True
10-17c,independent,independently_solved,MATCH,LCL,2.4752,2.4752,0.0,1e-09,True
10-17c,independent,independently_solved,MATCH,UCL,33.9248,33.9248,0.0,1e-09,True
10-17d,independent,independently_solved,MATCH,CL,1.4,1.4,0.0,1e-09,True
10-17d,independent,independently_solved,MATCH,LCL,0.6328,0.6328,0.0,1e-09,True
10-17d,independent,independently_solved,MATCH,UCL,2.1672,2.1672,0.0,1e-09,True
10-17e,independent,independently_solved,MATCH,CL,6,6.0,0.0,1e-09,True
10-17e,independent,independently_solved,MATCH,LCL,3,3.0,0.0,1e-09,True
10-17e,independent,independently_solved,MATCH,UCL,9,9.0,0.0,1e-09,True
10-24a,independent,independently_solved,MATCH,CL,0.25,0.25,0.0,1e-09,True
10-24a,independent,independently_solved,MATCH,LCL,0.012829175487371558,0.012829175487371558,0.0,1e-09,True
10-24a,independent,independently_solved,MATCH,UCL,0.48717082451262844,0.48717082451262844,0.0,1e-09,True
10-24b,independent,independently_solved,MATCH,CL,0.15,0.15,0.0,1e-09,True
10-24b,independent,independently_solved,MATCH,LCL,0.01713222304167894,0.01713222304167894,0.0,1e-09,True
10-24b,independent,independently_solved,MATCH,UCL,0.28286777695832105,0.28286777695832105,0.0,1e-09,True
10-24c,independent,independently_solved,MATCH,CL,0.05,0.05,0.0,1e-09,True
10-24c,independent,independently_solved,MATCH,LCL,0,0.0,0.0,1e-09,True
10-24c,independent,independently_solved,MATCH,UCL,0.12220397935118495,0.12220397935118495,0.0,1e-09,True
10-24d,independent,independently_solved,MATCH,CL,0.42,0.42,0.0,1e-09,True
10-24d,independent,independently_solved,MATCH,LCL,0.26966017874272263,0.26966017874272263,0.0,1e-09,True
10-24d,independent,independently_solved,MATCH,UCL,0.5703398212572773,0.5703398212572773,0.0,1e-09,True
10-24e,independent,independently_solved,MATCH,CL,0.63,0.63,0.0,1e-09,True
10-24e,independent,independently_solved,MATCH,LCL,0.4999286796134645,0.4999286796134645,0.0,1e-09,True
10-24e,independent,independently_solved,MATCH,UCL,0.7600713203865355,0.7600713203865355,0.0,1e-09,True
10-25,independent,independently_solved,MATCH,CL,0.9247619047619049,0.9247619047619049,0.0,1e-09,True
10-25,independent,independently_solved,MATCH,LCL,0.8688067477892296,0.8688067477892296,0.0,1e-09,True
10-25,independent,independently_solved,MATCH,UCL,0.9807170617345802,0.9807170617345802,0.0,1e-09,True
10-26b,independent,independently_solved,MATCH,CL,0.015,0.015,0.0,1e-09,True
10-26b,independent,independently_solved,MATCH,LCL,0,0.0,0.0,1e-09,True
10-26b,independent,independently_solved,MATCH,UCL,0.031307973509912254,0.031307973509912254,0.0,1e-09,True
10-26a,independent,independently_solved,MATCH,observed_proportion,0.0159375,0.0159375,0.0,1e-09,True
10-26a,independent,independently_solved,MATCH,z,0.9755904108519079,0.9755904108519079,0.0,1e-09,True
10-26a,independent,independently_solved,MATCH,p_value,0.16463373918134674,0.16463373918134672,2.7755575615628914e-17,1e-09,True
10-27,independent,independently_solved,MATCH,CL,0.5,0.5,0.0,1e-09,True
10-27,independent,independently_solved,MATCH,LCL,0.35,0.35,0.0,1e-09,True
10-27,independent,independently_solved,MATCH,UCL,0.65,0.65,0.0,1e-09,True
10-28,independent,independently_solved,MATCH,CL,0.06805555555555555,0.06805555555555555,0.0,1e-09,True
10-28,independent,independently_solved,MATCH,LCL,0.019286714229773988,0.019286714229773988,0.0,1e-09,True
10-28,independent,independently_solved,MATCH,UCL,0.11682439688133711,0.11682439688133711,0.0,1e-09,True
10-31a,independent,independently_solved,MATCH,total,167,167,0,1e-09,True
10-31a,independent,independently_solved,MATCH,largest_count,104,104,0,1e-09,True
10-31a,independent,independently_solved,MATCH,largest_category,Classified,Classified,,1e-09,True
10-31b,independent,independently_solved,MATCH,total,104,104,0,1e-09,True
10-31b,independent,independently_solved,MATCH,largest_count,37,37,0,1e-09,True
10-31b,independent,independently_solved,MATCH,largest_category,Incorrect special instructions,Incorrect special instructions,,1e-09,True
10-32,independent,independently_solved,MATCH,total,670,670,0,1e-09,True
10-32,independent,independently_solved,MATCH,largest_count,267,267,0,1e-09,True
10-32,independent,independently_solved,MATCH,largest_category,Atlanta,Atlanta,,1e-09,True
10-36a,independent,independently_solved,MATCH,probability,0.46445577553505746,0.4644557755350559,1.5543122344752192e-15,1e-09,True
10-36b,independent,independently_solved,MATCH,probability,0.14037238210894143,0.14037238210893888,2.55351295663786e-15,1e-09,True
10-36c,independent,independently_solved,MATCH,probability,0.7378080669078231,0.7378080669078231,0.0,1e-09,True
10-36d,independent,independently_solved,MATCH,probability,0.38403337704698526,0.38403337704698237,2.886579864025407e-15,1e-09,True
10-37a,independent,independently_solved,MATCH,probability,0.22734242320404055,0.22734242320404058,2.7755575615628914e-17,1e-09,True
10-37b,independent,independently_solved,MATCH,probability,0.5715266679868706,0.5715266679868732,2.6645352591003757e-15,1e-09,True
10-37c,independent,independently_solved,MATCH,probability,0.056519998792611915,0.056519998792611915,0.0,1e-09,True
10-37d,independent,independently_solved,MATCH,probability,0.23727616228230872,0.23727616228230874,2.7755575615628914e-17,1e-09,True
10-47a,independent,independently_solved,MATCH,probability,0.5953543153279742,0.5953543153279742,0.0,1e-09,True
10-47b,independent,independently_solved,MATCH,probability,0.3233213054643441,0.3233213054643431,9.992007221626409e-16,1e-09,True
10-47c,independent,independently_solved,MATCH,probability,0.7142482612060479,0.7142482612060479,0.0,1e-09,True
10-47d,independent,independently_solved,MATCH,probability,0.45683102668427533,0.4568310266842741,1.2212453270876722e-15,1e-09,True
10-48a,independent,independently_solved,MATCH,probability,0.19689658999318088,0.19689658999318088,0.0,1e-09,True
10-48b,independent,independently_solved,MATCH,probability,0.4214963216504661,0.42149632165046613,5.551115123125783e-17,1e-09,True
10-48c,independent,independently_solved,MATCH,probability,0.10988575013690904,0.10988575013690904,0.0,1e-09,True
10-48d,independent,independently_solved,MATCH,probability,0.27488312768021517,0.27488312768021517,0.0,1e-09,True
10-38a,book,approximate_graph_reading,MATCH,probability,0.13,0.13153233451754875,0.0015323345175487502,0.02,True
10-38a,independent,independently_solved,MATCH,probability,0.13153233451754875,0.13153233451754875,0.0,1e-09,True
10-38b,book,approximate_graph_reading,MATCH,probability,0.46,0.4561868841166703,0.0038131158833297207,0.02,True
10-38b,independent,independently_solved,MATCH,probability,0.4561868841166704,0.4561868841166703,1.1102230246251565e-16,1e-09,True
10-38c,book,approximate_graph_reading,MATCH,probability,0.72,0.7229315566338927,0.0029315566338927734,0.02,True
10-38c,independent,independently_solved,MATCH,probability,0.7229315566338927,0.7229315566338927,0.0,1e-09,True
10-39a,book,approximate_graph_reading,MATCH,probability,0.54,0.5438131158833297,0.0038131158833296652,0.02,True
10-39a,independent,independently_solved,MATCH,probability,0.5438131158833296,0.5438131158833297,1.1102230246251565e-16,1e-09,True
10-39b,book,approximate_graph_reading,MATCH,probability,0.28,0.2770684433661073,0.002931556633892718,0.02,True
10-39b,independent,independently_solved,MATCH,probability,0.2770684433661073,0.2770684433661073,0.0,1e-09,True
10-39c,book,approximate_graph_reading,MATCH,probability,0.12,0.12465201948308108,0.004652019483081082,0.02,True
10-39c,independent,independently_solved,MATCH,probability,0.12465201948308113,0.12465201948308108,5.551115123125783e-17,1e-09,True
10-55a,book,approximate_graph_reading,MATCH,probability,0.07,0.06564245437845007,0.004357545621549941,0.02,True
10-55a,independent,independently_solved,MATCH,probability,0.06564245437845018,0.06564245437845007,1.1102230246251565e-16,1e-09,True
10-55b,book,approximate_graph_reading,MATCH,probability,0.35,0.35276811121776874,0.002768111217768765,0.02,True
10-55b,independent,independently_solved,MATCH,probability,0.35276811121776874,0.35276811121776874,0.0,1e-09,True
10-55c,book,approximate_graph_reading,MATCH,probability,0.66,0.657704044165409,0.002295955834591079,0.02,True
10-55c,independent,independently_solved,MATCH,probability,0.657704044165409,0.657704044165409,0.0,1e-09,True
10-56a,book,approximate_graph_reading,MATCH,probability,0.65,0.6472318887822313,0.002768111217768765,0.02,True
10-56a,independent,independently_solved,MATCH,probability,0.6472318887822313,0.6472318887822313,0.0,1e-09,True
10-56b,book,approximate_graph_reading,MATCH,probability,0.34,0.34229595583459105,0.0022959558345910236,0.02,True
10-56b,independent,independently_solved,MATCH,probability,0.34229595583459105,0.34229595583459105,0.0,1e-09,True
10-56c,book,approximate_graph_reading,MATCH,probability,0.15,0.15120388277664784,0.0012038827766478466,0.02,True
10-56c,independent,independently_solved,MATCH,probability,0.15120388277664787,0.15120388277664784,2.7755575615628914e-17,1e-09,True
10-40a,independent,independently_solved,MATCH,observed_proportion,0.0225,0.0225,0.0,1e-09,True
10-40a,independent,independently_solved,MATCH,z,0.7985957062499245,0.7985957062499245,0.0,1e-09,True
10-40a,independent,independently_solved,MATCH,p_value,0.2122624390856061,0.2122624390856061,0.0,1e-09,True
10-40b,independent,independently_solved,MATCH,CL,0.02,0.02,0.0,1e-09,True
10-40b,independent,independently_solved,MATCH,LCL,0,0.0,0.0,1e-09,True
10-40b,independent,independently_solved,MATCH,UCL,0.05756594202199647,0.05756594202199647,0.0,1e-09,True
10-44,independent,independently_solved,MATCH,CL,50.0,50.0,0.0,1e-09,True
10-44,independent,independently_solved,MATCH,LCL,47.91955417094186,47.91955417094186,0.0,1e-09,True
10-44,independent,independently_solved,MATCH,UCL,52.08044582905814,52.08044582905814,0.0,1e-09,True
10-45,independent,independently_solved,MATCH,CL,6.75,6.75,0.0,1e-09,True
10-45,independent,independently_solved,MATCH,LCL,1.50525,1.50525,0.0,1e-09,True
10-45,independent,independently_solved,MATCH,UCL,11.99475,11.99475,0.0,1e-09,True
10-46,independent,independently_solved,MATCH,total,825,825,0,1e-09,True
10-46,independent,independently_solved,MATCH,largest_count,303,303,0,1e-09,True
10-46,independent,independently_solved,MATCH,largest_category,Wallboard,Wallboard,,1e-09,True
10-50,independent,independently_solved,MATCH,CL,74.965,74.965,0.0,1e-09,True
10-50,independent,independently_solved,MATCH,LCL,74.46739826470419,74.46739826470419,0.0,1e-09,True
10-50,independent,independently_solved,MATCH,UCL,75.46260173529582,75.46260173529582,0.0,1e-09,True
10-51,independent,independently_solved,MATCH,CL,3.165,3.165,0.0,1e-09,True
10-51,independent,independently_solved,MATCH,LCL,1.43058,1.43058,0.0,1e-09,True
10-51,independent,independently_solved,MATCH,UCL,4.89942,4.89942,0.0,1e-09,True
10-52,independent,independently_solved,MATCH,CL,0.001,0.001,0.0,1e-09,True
10-52,independent,independently_solved,MATCH,LCL,0,0.0,0.0,1e-09,True
10-52,independent,independently_solved,MATCH,UCL,0.0031202594180901547,0.0031202594180901547,0.0,1e-09,True
